1001,"Terreaux / Terme","Lyon 1 er",45.7677346863699,4.83213506219083
1002,"Opéra","Lyon 1 er",45.7675069105308,4.83628239968643
1003,"Place Sathonay","Lyon 1 er",45.7692658462513,4.83007978876956
1005,"Meissonier","Lyon 1 er",45.7660886007657,4.83288970828215
1006,"Subsistances","Lyon 1 er",45.7678957694769,4.81981665742037
1012,"Ampère","Lyon 1 er",45.7658113822041,4.83689574142056
1013,"Martinière","Lyon 1 er",45.7682183165922,4.82762170447115
1016,"Pêcherie / Plâtière","Lyon 1 er",45.7659494939436,4.83110736608632
1020,"Terreaux / Chenavard","Lyon 1 er",45.7668055276884,4.83293380868471
1021,"Terreaux / Herriot","Lyon 1 er",45.766915169442,4.83428848863327
1022,"Place Tolozan","Lyon 1 er",45.7696044219961,4.83765826123897
1023,"Croix Rousse / Duplat","Lyon 1 er",45.7722848585226,4.8194888520227
1024,"Rouville","Lyon 1 er",45.769662873625,4.82463490877529
1031,"Place de la Paix","Lyon 1 er",45.7680236126547,4.83174125171842
1032,"Pizay","Lyon 1 er",45.7672004172203,4.83639168535633
1034,"Carmélites / Burdeau","Lyon 1 er",45.7700015740911,4.82926950532075
1035,"Quai Lassagne","Lyon 1 er",45.7722014692572,4.83791179292647
1036,"Aveyron","Lyon 1 er",45.7743716157555,4.83281500876046
2001,"Bellecour / République","Lyon 2 ème",45.7579625159131,4.83463639280925
2002,"Bellecour","Lyon 2 ème",45.7582620430002,4.83043945355408
2003,"Place Ampère","Lyon 2 ème",45.7530437074095,4.82826728262269
2004,"Perrache / Carnot","Lyon 2 ème",45.7500996433261,4.82805150135516
2005,"Confluence Hôtel de Région","Lyon 2 ème",45.7405383152039,4.8191795184368
2006,"Place de l'Hippodrome","Lyon 2 ème",45.7455815521805,4.82353267323631
2007,"Patinoire Charlemagne","Lyon 2 ème",45.7426463934711,4.82049353568986
2008,"Bellecour / Antonin Poncet","Lyon 2 ème",45.7567664047355,4.83384102171215
2009,"Confluence Les Docks","Lyon 2 ème",45.7396075027989,4.8150739633739
2010,"Confluence Darse","Lyon 2 ème",45.7433919749566,4.81581631155686
2011,"Sala / Rue du Plat","Lyon 2 ème",45.7568084876169,4.82837438013951
2012,"Gailleton","Lyon 2 ème",45.7534549142114,4.83335384395724
2013,"Célestins","Lyon 2 ème",45.7599398325897,4.83207161138638
2014,"Jacobins","Lyon 2 ème",45.7607457804815,4.83428785025813
2015,"Place de la République","Lyon 2 ème",45.7609116633648,4.83617293949585
2016,"Place Regaud","Lyon 2 ème",45.763076929567,4.83428668834704
2017,"République / Ferrandière","Lyon 2 ème",45.7621899823468,4.83595992507683
2022,"Carnot / Henri IV","Lyon 2 ème",45.7512303840984,4.82689094467313
2023,"Hugo / Ste Hélène","Lyon 2 ème",45.7546761673686,4.82989232819922
2024,"République / Archers","Lyon 2 ème",45.7587390821938,4.83407651541315
2025,"Brest / Ferrandière","Lyon 2 ème",45.7620553014781,4.83320595563798
2026,"République / Paufique","Lyon 2 ème",45.7593809563465,4.83539920228165
2028,"Sainte Blandine","Lyon 2 ème",45.7444223014223,4.82214287043961
2030,"République / Palais de la Bourse","Lyon 2 ème",45.7640723503116,4.8355253578886
2035,"République / Childebert","Lyon 2 ème",45.7598793920463,4.83575722356597
2036,"Place A.Gourju","Lyon 2 ème",45.7594698848217,4.83014467707224
2037,"Place des Archives","Lyon 2 ème",45.7479214794689,4.82492586318928
2038,"Hugo / Ainay","Lyon 2 ème",45.7530798612445,4.82964894792985
2039,"Charité / Récamier","Lyon 2 ème",45.7492533954914,4.82984412575203
2040,"Quai Saint Antoine","Lyon 2 ème",45.7635730869941,4.83190183734655
2041,"Sala/Charité","Lyon 2 ème",45.7544732763091,4.83301108468594
2042,"Joffre/Condé","Lyon 2 ème",45.7518482427555,4.82473448931599
3001,"Gare Part-Dieu / Vivier Merle 1","Lyon 3 ème",45.7602630058938,4.85846417543021
3002,"Gare Part Dieu ouest","Lyon 3 ème",45.7601191127188,4.85873229454524
3003,"Part Dieu / Deruelle","Lyon 3 ème",45.7629790120815,4.8550066229888
3004,"Place Guichard","Lyon 3 ème",45.7596542197415,4.84806584610847
3005,"Place Victor Basch","Lyon 3 ème",45.7537858652436,4.84804242610368
3007,"Place d'Arsonval","Lyon 3 ème",45.743441684171,4.87890312617537
3008,"Institut Lumière","Lyon 3 ème",45.7458095692911,4.8706875747776
3009,"Musée Africain","Lyon 3 ème",45.750253311906,4.85792503006306
3010,"Part Dieu / Cuirassier","Lyon 3 ème",45.7593741320332,4.85596120915002
3012,"Place du Château","Lyon 3 ème",45.7495170788471,4.88728572321929
3013,"Place Ronde","Lyon 3 ème",45.7536448445955,4.88926855741309
3015,"Servient / Garibaldi","Lyon 3 ème",45.7607767054813,4.85251059124107
3016,"Liberté / Rue Part Dieu","Lyon 3 ème",45.7593422663364,4.84222758702112
3018,"Voltaire / Créqui","Lyon 3 ème",45.7566992681841,4.84840533316879
3021,"Place de la Ferrandière","Lyon 3 ème",45.7596463016226,4.86975999964087
3024,"Rockfeller / Esquirol","Lyon 3 ème",45.741423112713,4.88537719793287
3029,"Place Aristide Briand","Lyon 3 ème",45.7530043530221,4.85024742721997
3031,"Servient / Corneille","Lyon 3 ème",45.7599305258836,4.84451590396715
3032,"Lafayette / Créqui","Lyon 3 ème",45.763404572574,4.84713740895248
3036,"ZAC de la Buire","Lyon 3 ème",45.7537994582273,4.8598633397749
3037,"Place des Martyrs de la Résistance","Lyon 3 ème",45.7571230716872,4.85347191211302
3038,"Part Dieu / CAFAL","Lyon 3 ème",45.757330738679,4.85893496499598
3039,"Place Bir Hakeim","Lyon 3 ème",45.752592143714,4.8557101486888
3043,"Place Rouget de L'Isle","Lyon 3 ème",45.7540087872734,4.86723027088668
3044,"Augagneur / Bonnel","Lyon 3 ème",45.7619651301155,4.84105343076621
3051,"Place Henri","Lyon 3 ème",45.7481664733629,4.88056348866904
3053,"Gambetta / Jusserand","Lyon 3 ème",45.7511315804623,4.85558284913296
3058,"Place du Lac","Lyon 3 ème",45.7588154948925,4.85388085612192
3066,"Kimmerling / Faure","Lyon 3 ème",45.7542631708599,4.86346591659575
3067,"Renoir","Lyon 3 ème",45.7528916537812,4.86396149382557
3071,"BioParc","Lyon 3 ème",45.7404830910259,4.88808581013605
3079,"Place Louise","Lyon 3 ème",45.7512052508819,4.88482046365007
3080,"Gare Part Dieu Est","Lyon 3 ème",45.7600550578148,4.86167388058994
3082,"Place Bahadourian","Lyon 3 ème",45.7576229228584,4.84510859535539
3083,"Les Halles","Lyon 3 ème",45.7615189274364,4.85048625739127
3084,"Desaix","Lyon 3 ème",45.7572612599252,4.85520085642282
3085,"Sacré Coeur","Lyon 3 ème",45.7578296698746,4.86839504019714
3086,"Feuillat/Lacassagne","Lyon 3 ème",45.7495469577436,4.87602199223534
3087,"Part-Dieu / Deruelle / Garibaldi","Lyon 3 ème",45.7627413113399,4.85230976495791
3088,"Guichard / Mazenod","Lyon 3 ème",45.758825249533,4.84653860951144
3089,"Trarieux / Lacassagne","Lyon 3 ème",45.7453145927334,4.88896457239721
3090,"Vinatier","Lyon 3 ème",45.7419202027106,4.89349978098059
3091,"Hôpital Neurologique","Lyon 3 ème",45.7481832938432,4.896957057546
3094,"Villette/Paul Bert","Lyon 3 ème",45.7577645564235,4.86149658594011
3097,"Augagneur","Lyon 3 ème",45.7571997023265,4.84049913754249
3099,"Place Sainte Anne","Lyon 3 ème",45.7569549747275,4.86544165919535
3100,"Sisley/Dauphiné","Lyon 3 ème",45.7528170009403,4.8687997143612
3101,"Patinoire Baraban","Lyon 3 ème",45.7625116849545,4.8685986853989
3102,"Dr Long / Caille","Lyon 3 ème",45.7525429085337,4.8942587457506
3103,"Place Danton","Lyon 3 ème",45.7548339947211,4.85754639852135
4001,"Conservatoire bis","Lyon 4 ème",45.7704281355343,4.81427562845422
4002,"Mairie du 4e","Lyon 4 ème",45.7742004407,4.82776522186418
4003,"Place Cdt Arnaud","Lyon 4 ème",45.779713209321,4.83478724840927
4004,"Hénon / Canuts","Lyon 4 ème",45.7796855001293,4.82763044255335
4005,"Place Bertone","Lyon 4 ème",45.7776153014649,4.83445094477756
4006,"IUFM","Lyon 4 ème",45.7732936073872,4.82131228469203
4007,"Place Flammarion","Lyon 4 ème",45.7792901059158,4.82024492913168
4009,"Jacquart / Denfer-Rochereau","Lyon 4 ème",45.7759230179441,4.8254218239837
4011,"Place J. Ambre","Lyon 4 ème",45.7814920298455,4.8328399154362
4012,"Place Adrien Godien","Lyon 4 ème",45.7791985052923,4.84097162335524
4014,"Lasalle / Dangon","Lyon 4 ème",45.7774098919917,4.82049165189462
4017,"Place des tapis","Lyon 4 ème",45.7760929786525,4.82947495889409
4021,"Tabareau","Lyon 4 ème",45.7740460473114,4.82519257109699
4022,"Place de la Croix-Rousse","Lyon 4 ème",45.7760630269016,4.83250103015313
4023,"Pont Masaryk","Lyon 4 ème",45.7778531496701,4.81044280239092
4024,"Lyon Métropole","Lyon 4 ème",45.7881700188237,4.81856028667253
4025,"Parc Cerisaie","Lyon 4 ème",45.7754396141737,4.81787397185193
4026,"Birmingham","Lyon 4 ème",45.7746327347519,4.81331428048711
4041,"Boussange/Austerlitz","Lyon 4 ème",45.7755023590486,4.83506254529141
4042,"Stade Grégory Coupet","Lyon 4 ème",45.7817001067679,4.82060004612759
5001,"Saint Just / Varillon","Lyon 5 ème",45.7571957535012,4.81530487624088
5002,"Saint Just / Compagnon de la chanson","Lyon 5 ème",45.7565273368784,4.79661217888942
5004,"Saint Jean / Cathédrale","Lyon 5 ème",45.7604837438978,4.82656505039726
5005,"Gare Saint Paul","Lyon 5 ème",45.7662574761217,4.82736282617114
5006,"Saint Jean / Palais de Justice","Lyon 5 ème",45.7620370806927,4.82888968245804
5007,"Place de Trion","Lyon 5 ème",45.7579264314233,4.81318555184573
5008,"Place Sainte Irénée","Lyon 5 ème",45.7554367590946,4.81272720953072
5009,"Place Fousseret","Lyon 5 ème",45.764685782659,4.82894479885894
5015,"Fulchiron / Choulans","Lyon 5 ème",45.7520011769433,4.82166179835163
5016,"Mairie du 5e","Lyon 5 ème",45.7575651628799,4.80096231123926
5026,"Saint Jean / Rue de la Baleine","Lyon 5 ème",45.7633758464824,4.82904044151992
5029,"Saint Paul / Place Gerson","Lyon 5 ème",45.7670444714525,4.82698432330627
5030,"Charcot / Résidence universitaire","Lyon 5 ème",45.7547981963809,4.80737276926982
5031,"Ménival/Curie","Lyon 5 ème",45.7546470827688,4.78820051195654
5036,"La Salette","Lyon 5 ème",45.7496868148719,4.79561061526967
5040,"Place Crépu","Lyon 5 ème",45.757874600776,4.82622334799577
5041,"L'Homme de la Roche","Lyon 5 ème",45.7665530356549,4.82000954031777
5044,"Champvert","Lyon 5 ème",45.759797191694,4.79662676491689
5045,"Valdo/Jeunet","Lyon 5 ème",45.750481483431,4.78877412110312
5047,"Charcot / Albéric Po","Lyon 5 ème",45.7534421942217,4.80445892719369
5050,"Théâtres Romains","Lyon 5 ème",45.7583623960293,4.82108664154825
5053,"St Just","Lyon 5 ème",45.756082553797,4.81931449775085
5054,"Champvert","Lyon 5 ème",45.7638977674248,4.79271430810799
5055,"Apollinaire/Buyer","Lyon 5 ème",45.7617986194848,4.80306139722826
6001,"Gare des Brotteaux","Lyon 6 ème",45.7668552367471,4.85897382063673
6002,"Parc Tête d'Or / Enfants du Rhône","Lyon 6 ème",45.7773793166442,4.84488125913851
6003,"Parc Tête d'Or / Lycée du Parc","Lyon 6 ème",45.7729113974483,4.85632678135882
6004,"Foch / Roosevelt","Lyon 6 ème",45.7688513697594,4.84476493884258
6005,"Place Edgar Quinet","Lyon 6 ème",45.7657655924629,4.84473189285044
6006,"Boulevard des Belges","Lyon 6 ème",45.7733195111248,4.85183018012134
6007,"Masséna / Roosevelt","Lyon 6 ème",45.7696604862812,4.85237314700451
6008,"Brotteaux","Lyon 6 ème",45.7684122613765,4.85907055673834
6011,"Mairie du 6e","Lyon 6 ème",45.7683990532862,4.8494994527405
6012,"Place Puvis de Chavannes","Lyon 6 ème",45.7717570855734,4.84460363574836
6016,"Viabert / Avenue Thiers","Lyon 6 ème",45.7659879833824,4.86209227820075
6020,"Bd des Belges / Museum","Lyon 6 ème",45.7745269721979,4.84838234596466
6021,"Sully / Garibaldi","Lyon 6 ème",45.770856268343,4.84997134280348
6022,"Place Maréchal Lyautey","Lyon 6 ème",45.7693820661356,4.842416784717
6023,"Liautey / Sarrail","Lyon 6 ème",45.7668296196243,4.84113933935133
6024,"Tronchet / Anatole France","Lyon 6 ème",45.770732560549,4.85677966747709
6028,"Récamier / Tête d'Or","Lyon 6 ème",45.7643336975612,4.8534921297062
6031,"Lafayette /Corneille","Lyon 6 ème",45.7637499956122,4.8437425783907
6032,"Sarrail / Vauban","Lyon 6 ème",45.7648582723532,4.84156547149102
6035,"Cité Int. / Palais des Congrès","Lyon 6 ème",45.7854214249624,4.85412407271076
6036,"Cité Int. / Musée d'art contemporain","Lyon 6 ème",45.7838816142831,4.8521404034164
6037,"Cité Int. / Interpol","Lyon 6 ème",45.7823061128328,4.84934398081673
6040,"Place de l'Europe","Lyon 6 ème",45.7640576127189,4.84993054607575
6041,"Cité Internationale - Tête d'Or nord","Lyon 6 ème",45.7846110498866,4.85963914713868
6042,"Cité Internationale - Résidence","Lyon 6 ème",45.7848557405431,4.85561542792082
6043,"Cité Internationale - Cinéma","Lyon 6 ème",45.7847362580234,4.852215476118
6044,"Charmettes - Bellecombe","Lyon 6 ème",45.7663703493176,4.86508416387106
6045,"Place Juliette Récamier","Lyon 6 ème",45.7662960771169,4.85683338586512
7001,"Place Gabriel Péri","Lyon 7 ème",45.7548668914179,4.8437386077807
7002,"Universités Claude Bernard","Lyon 7 ème",45.7513315688755,4.83635351449888
7003,"Gambetta / Garibaldi","Lyon 7 ème",45.7518022143478,4.85253471280619
7004,"Place Jean Macé","Lyon 7 ème",45.7462059798812,4.84197575546566
7005,"Debourg / Jean Jaurès","Lyon 7 ème",45.7316777209813,4.83391613003068
7006,"Gerland / Square Galtier","Lyon 7 ème",45.7271794828792,4.83104413042237
7007,"Ayasse/Farge","Lyon 7 ème",45.7356738897812,4.82771915596122
7008,"Jean Jaurès / Guillotière","Lyon 7 ème",45.7525730643619,4.84636322005333
7009,"Jean Jaurès / Métro","Lyon 7 ème",45.7377948262607,4.83758552177112
7010,"Berthelot / Pasteur","Lyon 7 ème",45.7473577623064,4.83604918965423
7011,"Berthelot / Garibaldi","Lyon 7 ème",45.7437195253427,4.84727526799871
7012,"Place des Pavillons","Lyon 7 ème",45.7295009904289,4.82969004216113
7013,"Halle Tony Garnier","Lyon 7 ème",45.7312497807651,4.82393218241695
7014,"Marseille / Saint André","Lyon 7 ème",45.7530098082402,4.84137796431903
7016,"Place Saint Louis","Lyon 7 ème",45.748799939274,4.84757482442318
7018,"Lycée Labbé","Lyon 7 ème",45.7402591901399,4.8321092446089
7020,"Parc de Gerland","Lyon 7 ème",45.7240933491196,4.82713062819213
7021,"Rue de Gerland / Challemel Lacour","Lyon 7 ème",45.7298058652088,4.83813843834042
7022,"Jaurès/Lagrange","Lyon 7 ème",45.7439256046218,4.84152208930028
7023,"Berthelot / Route de Vienne","Lyon 7 ème",45.7426537617283,4.85053697145967
7024,"Chevreul / Gryphe","Lyon 7 ème",45.7485188802541,4.84052316511319
7030,"QGF","Lyon 7 ème",45.7432217977239,4.83425102400814
7031,"Jaurès/Gerland","Lyon 7 ème",45.7398132348897,4.84030738862286
7033,"Hôpital St Luc - St Joseph","Lyon 7 ème",45.7494176952947,4.83475200471111
7034,"Piscine du Rhône","Lyon 7 ème",45.7537090611124,4.8383205814919
7035,"Marseille / Université","Lyon 7 ème",45.7509333904299,4.83936546384035
7038,"Place de Stalingard","Lyon 7 ème",45.7495553441339,4.85294425479412
7039,"Guillotière / Madeleine","Lyon 7 ème",45.7510366647249,4.84804076774484
7041,"MJC du 7e","Lyon 7 ème",45.7466859287141,4.84448236134229
7045,"Parc des Berges","Lyon 7 ème",45.7377520986814,4.8244878801967
7046,"Place de l'Ecole","Lyon 7 ème",45.730080394459,4.82779325589658
7049,"Cité Scolaire Internationale","Lyon 7 ème",45.7279604510332,4.82355874268127
7052,"Parc Blandan","Lyon 7 ème",45.7459623999943,4.85118994206162
7053,"Jaurès/Thibaudière","Lyon 7 ème",45.7502638736915,4.84519252016435
7055,"Servant / Jaboulay","Lyon 7 ème",45.7467590796927,4.84201296191759
7056,"Place Raspail","Lyon 7 ème",45.7557568966743,4.84069536038571
7057,"Jaurès / Bollier","Lyon 7 ème",45.7346818429149,4.83545738244912
7061,"Jaurès / Université","Lyon 7 ème",45.7485428567164,4.84323794810386
7062,"Garibaldi / Domer","Lyon 7 ème",45.7477270248659,4.85159792893307
7064,"CROUS","Lyon 7 ème",45.7453992340993,4.84785882965487
8001,"Université Lyon III","Lyon 8 ème",45.7485395662599,4.86154177936425
8002,"Place Ambroise Courtois","Lyon 8 ème",45.7453344566132,4.8715895663215
8003,"Laënnec","Lyon 8 ème",45.7381400560295,4.88688030871153
8004,"Mairie 8e","Lyon 8 ème",45.7352063234863,4.87269682370274
8006,"Place 8 mai 1945","Lyon 8 ème",45.7297456005848,4.86828425933323
8007,"Rue des Frères Lumière","Lyon 8 ème",45.7450174320832,4.86645231726683
8008,"Beauvisage / Préssensé / Viviani","Lyon 8 ème",45.7278885457128,4.86351759043934
8009,"Place 11 novembre 1918","Lyon 8 ème",45.7365749445623,4.86991609151009
8010,"Place Mendès France","Lyon 8 ème",45.7399270587135,4.8595210870363
8011,"Place Lebret","Lyon 8 ème",45.7356139906482,4.85299655686574
8015,"Bd Jean XXIII","Lyon 8 ème",45.7403016013987,4.87418528175002
8020,"Moulin à Vent","Lyon 8 ème",45.7297266956309,4.85396375719057
8021,"Place Général André","Lyon 8 ème",45.7282814065156,4.87762123928819
8024,"Mermoz / Michelet","Lyon 8 ème",45.7332373891914,4.87863205916919
8025,"Santos Dumont / Louis Jouvet","Lyon 8 ème",45.7444606289943,4.86099377367911
8029,"Etats Unis / Lévigne","Lyon 8 ème",45.7322180106597,4.86514153673672
8030,"Laennec / Facultés","Lyon 8 ème",45.7413737377966,4.87973693061656
8034,"Berthelot / Villon","Lyon 8 ème",45.7382839528846,4.86275914192345
8035,"Sans Souci","Lyon 8 ème",45.7472487338215,4.86528578303152
8037,"Cazeneuve","Lyon 8 ème",45.7340324956484,4.86290448888407
8038,"Albert Thomas / Villon","Lyon 8 ème",45.7467702121095,4.86728334680193
8039,"Pierre Delore","Lyon 8 ème",45.738741092342,4.85228601094152
8040,"Ambroise Paré","Lyon 8 ème",45.7362404944941,4.88373682621306
8041,"Etats-Unis Viviani","Lyon 8 ème",45.724716265505,4.87083165476878
8042,"Francis de Pressenssé","Lyon 8 ème",45.7314687851879,4.86026581633304
8051,"Hôpital St-Jean de Dieu","VENISSIEUX",45.7242705028889,4.85415212712752
8052,"Montplaisir","Lyon 8 ème",45.7470967140947,4.8601437036179
8053,"Lumière/Trouilhet","Lyon 8 ème",45.7435720690503,4.87010596914173
8054,"Martinière Monplaisir","Lyon 8 ème",45.7408472643868,4.86820654517699
8056,"Delore / Audibert & Lavirotte","Lyon 8 ème",45.7357952320593,4.8568128186712
8057,"Vienne  / Montagny","Lyon 8 ème",45.7323603634356,4.8534202156019
8058,"Longefer / Kruger","Lyon 8 ème",45.7386678839509,4.87813090555283
8059,"Laennec/Pinel","Lyon 8 ème",45.735346022546,4.88958397628118
8060,"Santy / Beauvisage","Lyon 8 ème",45.731756154042,4.87424491377512
8061,"Stade Vuillermet","Lyon 8 ème",45.7253335569204,4.88141900631866
9002,"Place du Marché","Lyon 9 ème",45.7742408280788,4.80566601141478
9003,"place Valmy","Lyon 9 ème",45.7756418294443,4.80531798091198
9004,"Gare de Vaise","Lyon 9 ème",45.7797436570845,4.80456661725123
9006,"Théâtre Nouvelle Génération","Lyon 9 ème",45.777207192996,4.80334845333492
9008,"St Rambert - Ile Barbe","Lyon 9 ème",45.7973912412806,4.82908444349794
9010,"Piscine de Vaise","Lyon 9 ème",45.770941031065,4.79654028918423
9011,"Conservatoire","Lyon 9 ème",45.7697822121574,4.8126762195854
9013,"Sédaillan / Naviguation","Lyon 9 ème",45.7873840849558,4.81437377940006
9014,"Saint-Cyr / Mouillard","Lyon 9 ème",45.7833410356924,4.81143304483125
9020,"Masset / 3 septembre 1944","Lyon 9 ème",45.7734583979462,4.80035245952592
9022,"Masaryk / Saint Cyr","Lyon 9 ème",45.7785542406456,4.80704036653684
9029,"Saint Pierre de Vaise","Lyon 9 ème",45.7730995725331,4.80781372226459
9032,"Place Port Mouton","Lyon 9 ème",45.7738337453507,4.80950447440039
9033,"Gorge de Loup","Lyon 9 ème",45.7673562652624,4.80564028018344
9040,"Place Rhodiaceta","Lyon 9 ème",45.771005567626,4.80761289327132
9041,"Carret / Sédaillan","Lyon 9 ème",45.7925672653458,4.82063516798459
9042,"Rochecardon","Lyon 9 ème",45.786508444362,4.81144121742037
9043,"Marietton ouest","Lyon 9 ème",45.7760919647711,4.79971495826679
9044,"Masset / St Pierre de Vaise","Lyon 9 ème",45.7704769200646,4.80090048324114
9049,"Gorge de Loup","Lyon 9 ème",45.7701340720176,4.80515800301495
9050,"Le Château","Lyon 9 ème",45.7836371650548,4.79452530849956
9051,"Andréi Sakharov","Lyon 9 ème",45.7865247393491,4.79707090233101
9052,"Balmont","Lyon 9 ème",45.7893151875845,4.79916034097263
10001,"IUT/Feyssine","VILLEURBANNE",45.7856324623545,4.8824104015349
10002,"INSA","VILLEURBANNE",45.7821896441246,4.87687992444367
10004,"Tonkin / Allende","VILLEURBANNE",45.7762210147081,4.8626475813298
10005,"Parc Tête d'Or / Stalingrad","VILLEURBANNE",45.7797016132489,4.85999116099569
10006,"Charpennes","VILLEURBANNE",45.7702267691494,4.86313272236022
10007,"Condorcet / Piaton","VILLEURBANNE",45.7742151784181,4.86750421313508
10008,"Salengro / Vaillant","VILLEURBANNE",45.7783575402164,4.87960912512717
10011,"Gratte-Ciel / Branly","VILLEURBANNE",45.7692120735822,4.88058491112699
10012,"IUT","VILLEURBANNE",45.7679805857398,4.8872193605031
10013,"Cusset / Voyant","VILLEURBANNE",45.7650422669277,4.9011328928203
10014,"Gare Laurent Bonnevay","VILLEURBANNE",45.7651240553554,4.90981821970443
10016,"Place de la paix","VILLEURBANNE",45.7520997282193,4.91464300868463
10018,"Tolstoï / Verlaine","VILLEURBANNE",45.7617163505222,4.88073777969174
10021,"GrandClément","VILLEURBANNE",45.759711693591,4.88986361796216
10024,"Maisons Neuves","VILLEURBANNE",45.7559510292356,4.87734642987402
10025,"Totem","VILLEURBANNE",45.7636407030235,4.87314108788078
10027,"Mairie de Villeurbanne","VILLEURBANNE",45.7668306064525,4.87989386727746
10028,"République / Anatole France","VILLEURBANNE",45.7675343020076,4.87396620986898
10030,"Greuze","VILLEURBANNE",45.7738436681982,4.89384801671434
10031,"Croix Luizet","VILLEURBANNE",45.7807198477544,4.88349957514267
10032,"Pixel","VILLEURBANNE",45.7571560146472,4.89996521942795
10034,"MJC","VILLEURBANNE",45.7617882849687,4.8861572848566
10035,"Boiron Grangé","VILLEURBANNE",45.7631587956906,4.90047953036513
10036,"Chaplin / Dutriévoz","VILLEURBANNE",45.7743568286995,4.85915458576084
10038,"Condorcet / 11 Nov. 1918","VILLEURBANNE",45.7790457737186,4.86677832802409
10039,"Bouvier / 8 mai 1945","VILLEURBANNE",45.7794499265826,4.89150082452704
10041,"Kimmerling","VILLEURBANNE",45.7529723995868,4.89886566289764
10043,"Salengro / 8 mai 1945","VILLEURBANNE",45.7830110745979,4.8905858366251
10046,"Charmettes / Zola","VILLEURBANNE",45.7707467009802,4.86715309709659
10047,"Pressensé / Bienvenus","VILLEURBANNE",45.7711723255043,4.88499768198071
10048,"Place Marengo","VILLEURBANNE",45.7592438500941,4.87588806571722
10049,"Préssensé / 8 mai 1945","VILLEURBANNE",45.7691801944572,4.89672370709135
10053,"Rossellini / 11 Novembre","VILLEURBANNE",45.779408313608,4.86290216902877
10054,"Stalingrad / Meliès","VILLEURBANNE",45.7767057578019,4.85952335379158
10055,"Condorcet / Galline","VILLEURBANNE",45.7764535731413,4.86711492199288
10056,"11 novembre / Gaston Berger","VILLEURBANNE",45.7791121885925,4.8719521951028
10058,"métro Flachet","VILLEURBANNE",45.7671263864269,4.89215042623492
10059,"Anatole France / Lherminier","VILLEURBANNE",45.7688763179067,4.88424151324261
10060,"Saint Exupéry","VILLEURBANNE",45.7587882609002,4.87897574568985
10061,"métro République","VILLEURBANNE",45.7707838400684,4.87295938886729
10063,"Perrin/Jean Jaurès","VILLEURBANNE",45.7583893829182,4.88561275425414
10064,"Rollet / 4 août 1789 / Blanqui","VILLEURBANNE",45.7648217045186,4.88431892911373
10071,"Lycée Marie Curie","VILLEURBANNE",45.7615596406929,4.89645432932126
10072,"Jacques Brel /Chorel","VILLEURBANNE",45.7742255397183,4.86428606575088
10073,"Nouveau Musée D'Art Contemporain","VILLEURBANNE",45.7615354261746,4.87246226205668
10074,"Zola / Passage Rey","VILLEURBANNE",45.7700480878179,4.87694841471154
10075,"Charmettes / Péri / Philip","VILLEURBANNE",45.7722995938508,4.86569926844606
10079,"Anatole France / Barbusse","VILLEURBANNE",45.7681304002299,4.87916148913811
10080,"Vaillant/Perroncel","VILLEURBANNE",45.7754259915471,4.88028987133402
10083,"Château Gaillard / Filature /","VILLEURBANNE",45.7777983855256,4.88398291965897
10084,"La Doua / Avenue des Arts","VILLEURBANNE",45.7835136793199,4.87127311041049
10086,"Anatole France / Pressensé","VILLEURBANNE",45.7698360005898,4.88952608578932
10087,"Bon Coin","VILLEURBANNE",45.7606037573682,4.90069696832092
10088,"4 août 1789 / Zola","VILLEURBANNE",45.7662427816577,4.89787173699274
10089,"Colin /Ottavi","VILLEURBANNE",45.7731377075237,4.87425712432627
10091,"Château Gaillard / Dupeuble","VILLEURBANNE",45.7747507993117,4.88803874087978
10092,"Montgolfier / Château Gaillard","VILLEURBANNE",45.7715577376675,4.89036956577188
10101,"Einstein / 1 novembre 1918","VILLEURBANNE",45.7794737729051,4.87433130874712
10102,"DOUA / Gaston Berger","VILLEURBANNE",45.780944479741,4.87132691289157
10103,"DOUA / Rue des sports","VILLEURBANNE",45.7844851872384,4.87740423257663
10110,"Mémoire & Société","VILLEURBANNE",45.7595768332516,4.88275786249483
10111,"Charles Hernu / Vitton","VILLEURBANNE",45.7703330438207,4.86225781965823
10112,"Place de la Reconnaissance","VILLEURBANNE",45.7545359906761,4.88513867618816
10113,"Gare de Villeurbanne","VILLEURBANNE",45.7557668546375,4.8914894327086
10114,"Bel Air / Les Brosses","VILLEURBANNE",45.7579070732361,4.91080670866867
10115,"Place d'Espagne","VILLEURBANNE",45.7540979307099,4.90566388974862
10116,"Blum / Faÿs","VILLEURBANNE",45.7606109098072,4.90621033310645
10117,"La Pérralière","VILLEURBANNE",45.7645636665294,4.89233360718211
10118,"Bourgchanin / Chambfort","VILLEURBANNE",45.767153312728,4.9005991607434
10119,"Saint Jean","VILLEURBANNE",45.7804458217109,4.9044888457893
10120,"Salengro / Descartes","VILLEURBANNE",45.7762517515065,4.87162917814437
10121,"Parc du Centre","VILLEURBANNE",45.7719249686766,4.87905957666225
10122,"Verdun/Desgrand","VILLEURBANNE",45.7840513436847,4.89708592411878
11001,"Gare de Cuire","CALUIRE-ET-CUIRE",45.7857755308468,4.83371342158913
11002,"Saint-Clair","CALUIRE-ET-CUIRE",45.7857298743381,4.84830364350925
11003,"Place de la Rochette","CALUIRE-ET-CUIRE",45.7917199753399,4.82365975628127
12001,"La Soie","VAULX-EN-VELIN",45.7608131946829,4.92060394568861
12002,"Carré de Soie","VAULX-EN-VELIN",45.7644003130588,4.91927578594737
